# userId, path, filename
  dRoMZXTx, /tingling/stranger/locust/card/, deaf.txt
  EGKw6DnE, /droopy/lark/girdle/quick/railroad/, deaf.txt
  dRoMZXTx, /hand-drawn/chemical/oblivion/, warped.jpeg
  hv8Yg1A1, /livid/jawbone/investor/, united.png
  zSLMzEuO, /nervous/sniveling/dependent/war/defeatism/, counselors.docx
  42rccElp, /pretty/thirsty/duck/amazing/pitiful/, striped.jpeg
  LUGrSrxP, /untried/cupboard/feather/, tall.txt
  nEkp5IeK, /sacred/apartmentcomplex/fickle/mature/concerning/, kangaroo.ini
  NxmWpz6X, /oracle/newspaper/, tall.txt
  1QdcPcRW, /departmentstore/chores/self-reliant/webbed/, factory.txt
  SBg0sEvr, /calendar/joke/made-up/spirit/, puppet.jpeg
  Nu04SON2, /shadow/, integer.jpeg
  1QdcPcRW, /hasty/loyal/unique/over-dramatic/shoe/, gazelle.docx
  LUGrSrxP, /crevasse/, itchy.jpeg
  nEkp5IeK, /elf/cable/tired/corkscrew/prison/, cantaloupe.ini
  c2ACjNMD, /baron/grumbling/, alarminglylarge.ini
  5uEvMmvF, /farmhouse/, hasty.jpeg
  Cd5pBXQg, /destroyer/informal/jarofjelly/alchemist/, gravity.docx
  el7ZXmJx, /lock/dictator/can/fixed/, well-educated.docx
  d7shzajv, /lustrous/core/subway/, proper.ini
  uVriMnRm, /psychiatrist/barbarism/faker/glittery/reporter/, philosophy.ini
  nEkp5IeK, /helper/magnificent/rat/courageous/, gravity.docx
  EGKw6DnE, /pretty/thirsty/duck/amazing/pitiful/, hasty.jpeg
  mmYn1JEV, /camouflage/marketplace/merry/onion/, cantaloupe.ini
  5uEvMmvF, /plasmacreature/clever/, glamorous.docx
  XO3ClU6Y, /aristocracy/, gigantic.txt
  SBg0sEvr, /captivity/newspaper/monstrous/, courageous.ini
  c2ACjNMD, /pleased/counselors/feel/, gigantic.txt
  uBH942ua, /woozy/waterlogged/scout/bountiful/weird/, courageous.ini
  6QAqv1zx, /hideous/blind/moronic/, checker.txt
  nEkp5IeK, /nervous/rapper/girdle/owl/, animated.docx
  6QAqv1zx, /god/vigorous/uncomfortable/, gazelle.docx
  wy29JVjY, /bundle/, rehabcenter.doc
  DnWvZwdD, /tingling/stranger/locust/card/, itchy.jpeg
  esWbOclo, /gentleman/battleground/, disc.ini
  p368q9cD, /hamlet/garrison/hobo/watchful/jagged/, ghetto.txt
  6QAqv1zx, /taco/dessert/immunization/corruption/, surprised.jpeg
  Nu04SON2, /cannonball/inferior/silky/puce/guardian/, gigantic.txt
  7ZMnYWQY, /altruistic/severe/, hasty.jpeg
  yDETyGrA, /unwritten/host/, philosophy.ini
  JCNE69cO, /gargantuan/designer/invader/, boomerang.jpeg
  SBg0sEvr, /conflict/jaded/boxer/security/superior/, glamorous.docx
  dRHDdvip, /bountiful/beautiful/, striped.jpeg
  DnWvZwdD, /hasty/loyal/unique/over-dramatic/shoe/, courageous.ini
  EGKw6DnE, /penny/floater/model/strident/, hairy.doc
  u66wKrdk, /cannonball/inferior/silky/puce/guardian/, runny.txt
  vsEmXDME, /yeti/machinery/basketballplayer/clicker/Incan/, severe.png
  06cHi5CD, /tingling/stranger/locust/card/, library.jpg
  ZSHospDP, /captivity/newspaper/monstrous/, runny.txt
  brPhhsEX, /winebottle/, warped.jpeg
  brPhhsEX, /warped/courageous/genuine/, plasmacreature.jpeg
  yDETyGrA, /camouflage/marketplace/merry/onion/, rehabcenter.doc
  s3OomXk5, /conflict/jaded/boxer/security/superior/, scarf.jpg
  Cd5pBXQg, /livid/jawbone/investor/, checker.txt
  NxmWpz6X, /aching/quick-witted/, plasmacreature.jpeg
  trktaVBi, /bundle/, nihilism.docx
  06cHi5CD, /penny/floater/model/strident/, animated.docx
  d7shzajv, /trained/unique/, boomerang.jpeg
  1QdcPcRW, /splendid/emotion/derivative/eruptingvolcano/, discord.txt
  yDETyGrA, /destiny/outlandish/comedian/, dollhouse.ini
  Nu04SON2, /hideous/blind/moronic/, wise.jpg
  ZSHospDP, /chimera/highway/pointed/actor/, camera.png
  LUGrSrxP, /lively/, wise.jpg
  d7shzajv, /hamlet/garrison/hobo/watchful/jagged/, gazelle.docx
  rNM4Hpcy, /juggler/, gravity.docx
  JbVU5n8V, /mole/jealous/, proper.ini
  i0YRCthw, /lock/dictator/can/fixed/, surprised.jpeg
  el7ZXmJx, /pretty/thirsty/duck/amazing/pitiful/, idea.doc
  el7ZXmJx, /danger/concerthall/harpsichordist/crowd/, glamorous.docx
  mmYn1JEV, /rag/coexistence/unripe/rusty/embezzlement/, discord.txt
  G96YpFFE, /nervous/rapper/girdle/owl/, guilt.jpeg
  el7ZXmJx, /fighting/, guilt.jpeg
  i0YRCthw, /bodyguard/salad/fragile/ear/, runny.txt
  yDETyGrA, /shocking/TheMotherland/derivative/belief/anchored/, counselors.docx
  uVriMnRm, /calendar/joke/made-up/spirit/, counselors.docx
  enMxrTDz, /dwarf/imaginary/splendid/, library.jpg
  ZSHospDP, /woozy/waterlogged/scout/bountiful/weird/, alarminglylarge.ini
  Cd5pBXQg, /aching/quick-witted/, tall.txt
  hv8Yg1A1, /warped/courageous/genuine/, mystic.docx
  enMxrTDz, /droopy/lark/girdle/quick/railroad/, glamorous.docx
  trktaVBi, /shocking/TheMotherland/derivative/belief/anchored/, checker.txt
  oowCap0a, /dwarf/imaginary/splendid/, counselors.docx
  dRHDdvip, /crevasse/, mystic.docx
  XO3ClU6Y, /outsider/, surprised.jpeg
  6QAqv1zx, /thoughtful/dinosaur/, boomerang.jpeg
  Cd5pBXQg, /shadow/, hasty.jpeg
  Nu04SON2, /altruistic/severe/, gazelle.docx
  SBg0sEvr, /harbor/affectionate/fisherman/castle/Ugandan/, mystic.docx
  4gE9MoAs, /swan/conventional/, hairy.doc
  hv8Yg1A1, /rag/coexistence/unripe/rusty/embezzlement/, spry.jpeg
  D0o88tYa, /itchy/issues/hero/, proper.ini
  42rccElp, /god/vigorous/uncomfortable/, handgun.txt
  EGKw6DnE, /plasmacreature/clever/, gravity.docx
  DnWvZwdD, /bundle/, dollhouse.ini
  ZSHospDP, /fighting/, nihilism.docx
  DvautYtK, /unwritten/host/, glamorous.docx
  Cd5pBXQg, /well-educated/, tall.txt
  oowCap0a, /hideout/impassioned/pumpernickel/hunger/lark/, great.png
  JCNE69cO, /penny/floater/model/strident/, integer.jpeg
  dRoMZXTx, /ill-informed/marvelous/exhausted/wet/pub/, runny.txt
  rNM4Hpcy, /trained/unique/, animated.docx
  enMxrTDz, /outsider/, Aristotelian.doc
  6QAqv1zx, /hamlet/garrison/hobo/watchful/jagged/, plasmacreature.jpeg
  NxmWpz6X, /rag/coexistence/unripe/rusty/embezzlement/, scarf.jpg
  d7shzajv, /pleased/counselors/feel/, wise.jpg
  c2ACjNMD, /aching/quick-witted/, lively.jpg
  DnWvZwdD, /photorealism/peanut/bathroom/, camera.png
  ZSHospDP, /rag/coexistence/unripe/rusty/embezzlement/, checker.txt
  Nu04SON2, /aristocracy/, well-educated.docx
  nEkp5IeK, /shadow/, cantaloupe.ini
  DvautYtK, /woozy/waterlogged/scout/bountiful/weird/, cantaloupe.ini
  mmYn1JEV, /outsider/, philosophy.ini
  uVriMnRm, /shadow/, gazelle.docx
  brPhhsEX, /alchemist/, runny.txt
  rNM4Hpcy, /walk/peacock/uncomfortable/calm/, idea.doc
  XO3ClU6Y, /thoughtful/dinosaur/, boomerang.jpeg
  06cHi5CD, /bodyguard/salad/fragile/ear/, tall.txt
  SBg0sEvr, /hideout/impassioned/pumpernickel/hunger/lark/, dollhouse.ini
  nEkp5IeK, /mad/fly/conventional/, counselors.docx
  1QdcPcRW, /Aristotelian/trust/plant/, striped.jpeg
  nEkp5IeK, /fighting/, great.png
  D0o88tYa, /outsider/, handgun.txt
  7ZMnYWQY, /trained/unique/, library.jpg
  wy29JVjY, /gentleman/battleground/, ornate.png
  DvautYtK, /yeti/machinery/basketballplayer/clicker/Incan/, disc.ini
  DnWvZwdD, /dumb/imperfectjustice/hunchback/wise/, glamorous.docx
  brPhhsEX, /baseballplayer/face/guilt/liquor/flat/, cantaloupe.ini
  5uEvMmvF, /cheap/, puppet.jpeg
  EGKw6DnE, /winebottle/, itchy.jpeg
  u66wKrdk, /pleased/counselors/feel/, tent.ini
  DnWvZwdD, /lock/dictator/can/fixed/, plasmacreature.jpeg
  rNM4Hpcy, /conflict/jaded/boxer/security/superior/, disc.ini
  DnWvZwdD, /outsider/, tent.ini
  NxmWpz6X, /oracle/newspaper/, Aristotelian.doc
  JCNE69cO, /hasty/loyal/unique/over-dramatic/shoe/, deaf.txt
  dRoMZXTx, /bundle/, dollhouse.ini
  shuDUcUh, /destroyer/informal/jarofjelly/alchemist/, warped.jpeg
  JbVU5n8V, /sorrowful/sure-footed/trivial/chiropractor/thoughtful/, integer.jpeg
  rNM4Hpcy, /captivity/newspaper/monstrous/, great.png
  hv8Yg1A1, /splendid/emotion/derivative/eruptingvolcano/, integer.jpeg
  uxzDYEFa, /nervous/sniveling/dependent/war/defeatism/, great.png
  uxzDYEFa, /livid/jawbone/investor/, camera.png
  yDETyGrA, /harbor/affectionate/fisherman/castle/Ugandan/, united.png
  XO3ClU6Y, /alchemist/, dollhouse.ini
  NxmWpz6X, /conflict/jaded/boxer/security/superior/, handgun.txt
  DnWvZwdD, /lustrous/core/subway/, gravity.docx
  LUGrSrxP, /winebottle/, nihilism.docx
  Bs7qrJmN, /calendar/joke/made-up/spirit/, great.png
  06cHi5CD, /hamlet/garrison/hobo/watchful/jagged/, discord.txt
  uVriMnRm, /sacred/apartmentcomplex/fickle/mature/concerning/, gigantic.txt
  Cd5pBXQg, /baron/grumbling/, surprised.jpeg
  1QdcPcRW, /trained/unique/, nihilism.docx
  p368q9cD, /dwarf/imaginary/splendid/, severe.png
  u66wKrdk, /trained/unique/, checker.txt
  shuDUcUh, /fighting/, rehabcenter.doc
  vsEmXDME, /mad/fly/conventional/, hasty.jpeg
  rNM4Hpcy, /unpleasant/graph/, disc.ini
  JbVU5n8V, /jaded/lodge/judicious/anarchy/, mystic.docx
  uVriMnRm, /jaded/lodge/judicious/anarchy/, alarminglylarge.ini
  DnWvZwdD, /hideous/blind/moronic/, glamorous.docx
  Bs7qrJmN, /pleased/counselors/feel/, lively.jpg
  06cHi5CD, /trained/unique/, gazelle.docx
  uxzDYEFa, /indifference/creative/rusty/jaunty/technologicallyadvanced/, deaf.txt
  esWbOclo, /hand-drawn/chemical/oblivion/, scarf.jpg
  dRoMZXTx, /taco/dessert/immunization/corruption/, courageous.ini
  Cd5pBXQg, /hasty/loyal/unique/over-dramatic/shoe/, hairy.doc
  brPhhsEX, /yeti/machinery/basketballplayer/clicker/Incan/, ghetto.txt
  d7shzajv, /photorealism/peanut/bathroom/, surprised.jpeg
  trktaVBi, /penny/floater/model/strident/, itchy.jpeg
  SBg0sEvr, /outsider/, runny.txt
  LUGrSrxP, /harbor/affectionate/fisherman/castle/Ugandan/, deaf.txt
  Bs7qrJmN, /dimensionalportal/shirt/floater/, hasty.jpeg
  uVriMnRm, /photorealism/peanut/bathroom/, nihilism.docx
  c2ACjNMD, /elf/cable/tired/corkscrew/prison/, factory.txt
  mmYn1JEV, /unknown/pure/impeccably-dressed/, idea.doc
  DvautYtK, /walk/peacock/uncomfortable/calm/, rehabcenter.doc
  vsEmXDME, /cheap/, mystic.docx
  HrgPILjd, /winebottle/, animated.docx
  el7ZXmJx, /alchemist/, striped.jpeg
  p368q9cD, /aristocracy/, gigantic.txt
  DnWvZwdD, /outsider/, spry.jpeg
  DnWvZwdD, /typewriter/livingroom/cloak/chocolate/whip/, striped.jpeg
  p368q9cD, /alchemist/, scarf.jpg
  DnWvZwdD, /bountiful/beautiful/, plasmacreature.jpeg
  JbVU5n8V, /calendar/joke/made-up/spirit/, philosophy.ini
  D0o88tYa, /droopy/lark/girdle/quick/railroad/, guilt.jpeg
  oowCap0a, /abandonment/, counselors.docx
  JbVU5n8V, /hideous/blind/moronic/, deaf.txt
  EGKw6DnE, /well-educated/, disc.ini
  JbVU5n8V, /dwarf/imaginary/splendid/, tall.txt
